time,processed_feed_pressure
2024-10-13 21:33:04,10.645125
2024-10-13 21:34:04,10.645125
2024-10-13 21:35:04,10.645125
2024-10-13 21:36:04,10.645125
2024-10-13 21:37:04,10.645125
2024-10-13 21:38:04,10.645125
2024-10-13 21:39:04,10.645125
2024-10-13 21:40:04,10.645125
2024-10-13 21:41:04,10.645125
2024-10-13 21:42:04,10.645125
2024-10-13 21:43:04,10.644375
2024-10-13 21:44:04,10.66065
2024-10-13 21:45:05,10.691625
2024-10-13 21:46:05,10.739925
2024-10-13 21:47:05,10.8018
2024-10-13 21:48:05,10.881375
2024-10-13 21:49:05,10.956825
2024-10-13 21:50:05,11.02905
2024-10-13 21:51:05,11.088449999999998
2024-10-13 21:52:05,11.134274999999999
2024-10-13 21:53:05,11.16315
2024-10-13 21:54:05,11.179124999999999
2024-10-13 21:55:05,11.183625
2024-10-13 21:56:05,11.183625
2024-10-13 21:57:05,11.183625
2024-10-13 21:58:05,11.183625
2024-10-13 21:59:05,11.183625
2024-10-13 22:00:05,11.183625
2024-10-13 22:01:05,11.183625
2024-10-13 22:02:05,11.183625
2024-10-13 22:03:05,11.0772
2024-10-13 22:04:05,10.989975
2024-10-13 22:05:05,10.9182
2024-10-13 22:06:05,10.863675
2024-10-13 22:07:05,10.83
2024-10-13 22:08:05,10.923225
2024-10-13 22:09:05,11.012475
2024-10-13 22:10:05,11.0985
2024-10-13 22:11:05,11.175450000000001
2024-10-13 22:12:05,11.172825
2024-10-13 22:13:05,11.20845
2024-10-13 22:14:05,11.22885
2024-10-13 22:15:05,11.237025
2024-10-13 22:16:05,11.237025
2024-10-13 22:17:05,11.29575
2024-10-13 22:18:05,11.29575
2024-10-13 22:19:05,11.29575
2024-10-13 22:20:05,11.29575
2024-10-13 22:21:05,11.29575
2024-10-13 22:22:05,11.29575
2024-10-13 22:23:05,11.16975
2024-10-13 22:24:05,11.0592
2024-10-13 22:25:05,10.963875
2024-10-13 22:26:05,10.88385
2024-10-13 22:27:05,10.82175
2024-10-13 22:28:05,10.898925
2024-10-13 22:29:05,10.97205
2024-10-13 22:30:05,11.036775
2024-10-13 22:31:05,11.086200000000002
2024-10-13 22:32:05,11.117700000000001
2024-10-13 22:33:05,11.135925
2024-10-13 22:34:05,11.14275
2024-10-13 22:35:05,11.14275
2024-10-13 22:36:05,11.14275
2024-10-13 22:37:05,11.14275
2024-10-13 22:38:05,11.14275
2024-10-13 22:39:05,11.14275
2024-10-13 22:40:05,11.14275
2024-10-13 22:41:05,11.14275
2024-10-13 22:42:05,11.14275
2024-10-13 22:43:05,11.14275
2024-10-13 22:44:05,11.14275
2024-10-13 22:45:05,11.14275
2024-10-13 22:46:05,11.14275
2024-10-13 22:47:05,11.043449999999998
2024-10-13 22:48:05,10.963199999999999
2024-10-13 22:49:05,10.8996
2024-10-13 22:50:05,10.851299999999998
2024-10-13 22:51:05,10.81755
2024-10-13 22:52:05,10.899975000000001
2024-10-13 22:53:05,10.976475
2024-10-13 22:54:05,11.047575
2024-10-13 22:55:05,11.110575
2024-10-13 22:56:05,11.159025
2024-10-13 22:57:05,11.1906
2024-10-13 22:58:05,11.20905
2024-10-13 22:59:05,11.21625
2024-10-13 23:00:05,11.21625
2024-10-13 23:01:05,11.21625
2024-10-13 23:02:05,11.21625
2024-10-13 23:03:05,11.21625
2024-10-13 23:04:05,11.21625
2024-10-13 23:05:05,11.21625
2024-10-13 23:06:05,11.21625
2024-10-13 23:07:05,11.104049999999999
2024-10-13 23:08:05,11.011275000000001
2024-10-13 23:09:05,10.9356
2024-10-13 23:10:05,10.876949999999999
2024-10-13 23:11:05,10.834275
2024-10-13 23:12:05,10.920300000000001
2024-10-13 23:13:05,10.998975
2024-10-13 23:14:05,11.069175
2024-10-13 23:15:05,11.128200000000001
2024-10-13 23:16:05,11.17125
2024-10-13 23:17:05,11.1978
2024-10-13 23:18:05,11.212275000000002
2024-10-13 23:19:05,11.218125
2024-10-13 23:20:05,11.218125
2024-10-13 23:21:05,11.218125
2024-10-13 23:22:05,11.218125
2024-10-13 23:23:05,11.218125
2024-10-13 23:24:05,11.218125
2024-10-13 23:25:05,11.218125
2024-10-13 23:26:05,11.09835
2024-10-13 23:27:05,10.994625
2024-10-13 23:28:06,10.909875
2024-10-13 23:29:06,10.841624999999999
2024-10-13 23:30:06,10.790025
2024-10-13 23:31:06,10.873575
2024-10-13 23:32:06,10.954575
2024-10-13 23:33:06,11.026125
2024-10-13 23:34:06,11.087174999999998
2024-10-13 23:35:06,11.131575
2024-10-13 23:36:06,11.160599999999999
2024-10-13 23:37:06,11.176124999999999
2024-10-13 23:38:06,11.182125
2024-10-13 23:39:06,11.182125
2024-10-13 23:40:06,11.182125
2024-10-13 23:41:06,11.182125
2024-10-13 23:42:06,11.182125
2024-10-13 23:43:06,11.182125
2024-10-13 23:44:06,11.182125
2024-10-13 23:45:06,11.182125
2024-10-13 23:46:06,11.182125
2024-10-13 23:47:06,11.070075
2024-10-13 23:48:06,10.974825
2024-10-13 23:49:06,10.89765
2024-10-13 23:50:06,10.827225
2024-10-13 23:51:06,10.773075
2024-10-13 23:52:06,10.849574999999998
2024-10-13 23:53:06,10.925625
2024-10-13 23:54:06,10.998675
2024-10-13 23:55:06,11.074575
2024-10-13 23:56:06,11.140875
2024-10-13 23:57:06,11.188575
2024-10-13 23:58:07,11.219925
2024-10-13 23:59:07,11.2362
2024-10-14 00:00:07,11.242875
2024-10-14 00:01:07,11.242875
2024-10-14 00:02:07,11.242875
2024-10-14 00:03:07,11.242875
2024-10-14 00:04:07,11.242875
2024-10-14 00:05:07,11.242875
2024-10-14 00:06:07,11.242875
2024-10-14 00:07:07,11.242875
2024-10-14 00:08:07,11.12445
2024-10-14 00:09:07,11.025974999999999
2024-10-14 00:10:07,10.9464
2024-10-14 00:11:07,10.882725
2024-10-14 00:12:07,10.8369
2024-10-14 00:13:07,10.923300000000001
2024-10-14 00:14:07,10.999575000000002
2024-10-14 00:15:07,11.064525
2024-10-14 00:16:07,11.118975
2024-10-14 00:17:07,11.15685
2024-10-14 00:18:07,11.180924999999998
2024-10-14 00:19:07,11.195175
2024-10-14 00:20:07,11.201849999999999
2024-10-14 00:21:07,11.203125
2024-10-14 00:22:07,11.203125
2024-10-14 00:23:07,11.203125
2024-10-14 00:24:07,11.203125
2024-10-14 00:25:07,11.203125
2024-10-14 00:26:07,11.203125
2024-10-14 00:27:07,11.203125
2024-10-14 00:28:07,11.203125
2024-10-14 00:29:07,11.203125
2024-10-14 00:30:07,11.203125
2024-10-14 00:31:07,11.090250000000001
2024-10-14 00:32:07,10.993649999999999
2024-10-14 00:33:07,10.9128
2024-10-14 00:34:07,10.848600000000001
2024-10-14 00:35:07,10.799625
2024-10-14 00:36:07,10.878375
2024-10-14 00:37:07,10.953225
2024-10-14 00:38:07,11.023050000000001
2024-10-14 00:39:07,11.08275
2024-10-14 00:40:07,11.127225
2024-10-14 00:41:07,11.15685
2024-10-14 00:42:07,11.1741
2024-10-14 00:43:07,11.180625
2024-10-14 00:44:07,11.180625
2024-10-14 00:45:07,11.180625
2024-10-14 00:46:07,11.180625
2024-10-14 00:47:07,11.180625
2024-10-14 00:48:07,11.180625
2024-10-14 00:49:07,11.180625
2024-10-14 00:50:07,11.180625
2024-10-14 00:51:07,11.072474999999999
2024-10-14 00:52:07,10.983075
2024-10-14 00:53:07,10.91385
2024-10-14 00:54:07,10.860674999999999
2024-10-14 00:55:07,10.8249
2024-10-14 00:56:07,10.9155
2024-10-14 00:57:07,11.001149999999999
2024-10-14 00:58:07,11.076675
2024-10-14 00:59:07,11.145675
2024-10-14 01:00:07,11.197275000000001
2024-10-14 01:01:07,11.23065
2024-10-14 01:02:07,11.250225
2024-10-14 01:03:07,11.25975
2024-10-14 01:04:07,11.25975
2024-10-14 01:05:07,11.25975
2024-10-14 01:06:07,11.25975
2024-10-14 01:07:07,11.25975
2024-10-14 01:08:07,11.25975
2024-10-14 01:09:07,11.25975
2024-10-14 01:10:07,11.25975
2024-10-14 01:11:07,11.1381
2024-10-14 01:12:07,11.034
2024-10-14 01:13:07,10.949175
2024-10-14 01:14:08,10.882725
2024-10-14 01:15:08,10.8324
2024-10-14 01:16:08,10.92075
2024-10-14 01:17:08,11.00475
2024-10-14 01:18:08,11.078100000000001
2024-10-14 01:19:08,11.140125000000001
2024-10-14 01:20:08,11.186024999999999
2024-10-14 01:21:08,11.2149
2024-10-14 01:22:09,11.230575
2024-10-14 01:23:09,11.237625
2024-10-14 01:24:09,11.237625
2024-10-14 01:25:09,11.237625
2024-10-14 01:26:09,11.237625
2024-10-14 01:27:09,11.237625
2024-10-14 01:28:09,11.237625
2024-10-14 01:29:09,11.237625
2024-10-14 01:30:09,11.237625
2024-10-14 01:31:09,11.237625
2024-10-14 01:32:09,11.237625
2024-10-14 01:33:09,11.237625
2024-10-14 01:34:09,11.237625
2024-10-14 01:35:09,11.1138
2024-10-14 01:36:09,11.007
2024-10-14 01:37:09,10.920075
2024-10-14 01:38:10,10.851075
2024-10-14 01:39:10,10.800450000000001
2024-10-14 01:40:10,10.89015
2024-10-14 01:41:10,10.975800000000001
2024-10-14 01:42:10,11.048175
2024-10-14 01:43:10,11.108775
2024-10-14 01:44:10,11.151
2024-10-14 01:45:10,11.176725000000001
2024-10-14 01:46:10,11.189475
2024-10-14 01:47:10,11.195625
2024-10-14 01:48:10,11.195625
2024-10-14 01:49:10,11.195625
2024-10-14 01:50:10,11.195625
2024-10-14 01:51:10,11.195625
2024-10-14 01:52:10,11.195625
2024-10-14 01:53:10,11.195625
2024-10-14 01:54:10,11.195625
2024-10-14 01:55:10,11.084325
2024-10-14 01:56:10,10.9923
2024-10-14 01:57:10,10.920375
2024-10-14 01:58:10,10.863525
2024-10-14 01:59:10,10.82175
2024-10-14 02:00:10,10.908675
2024-10-14 02:01:11,10.987950000000001
2024-10-14 02:02:11,11.055975
2024-10-14 02:03:11,11.116050000000001
2024-10-14 02:04:11,11.16105
2024-10-14 02:05:11,11.188649999999999
2024-10-14 02:06:11,11.204625
2024-10-14 02:07:11,11.21175
2024-10-14 02:08:11,11.21175
2024-10-14 02:09:11,11.21175
2024-10-14 02:10:11,11.21175
2024-10-14 02:11:11,11.21175
2024-10-14 02:12:11,11.21175
2024-10-14 02:13:11,11.21175
2024-10-14 02:14:11,11.08935
2024-10-14 02:15:11,10.986075
2024-10-14 02:16:11,10.898775
2024-10-14 02:17:11,10.826925
2024-10-14 02:18:11,10.771575
2024-10-14 02:19:11,10.857825
2024-10-14 02:20:11,10.940175
2024-10-14 02:21:11,11.019974999999999
2024-10-14 02:22:11,11.094150000000003
2024-10-14 02:23:11,11.15925
2024-10-14 02:24:11,11.20515
2024-10-14 02:25:11,11.235825
2024-10-14 02:26:11,11.253075
2024-10-14 02:27:11,11.2605
2024-10-14 02:28:11,11.2605
2024-10-14 02:29:11,11.2605
2024-10-14 02:30:11,11.2605
2024-10-14 02:31:11,11.2605
2024-10-14 02:32:11,11.2605
2024-10-14 02:33:11,11.2605
2024-10-14 02:34:11,11.2605
2024-10-14 02:35:11,11.2605
2024-10-14 02:36:11,11.12895
2024-10-14 02:37:11,11.004974999999998
2024-10-14 02:38:12,10.892550000000002
2024-10-14 02:39:12,10.79565
2024-10-14 02:40:12,10.713825
2024-10-14 02:41:12,10.773374999999998
2024-10-14 02:42:12,10.8405
2024-10-14 02:43:12,10.91265
2024-10-14 02:44:12,10.981875
2024-10-14 02:45:12,11.049074999999998
2024-10-14 02:46:12,11.114325000000001
2024-10-14 02:47:12,11.164425
2024-10-14 02:48:12,11.19795
2024-10-14 02:49:12,11.218874999999999
2024-10-14 02:50:12,11.22675
2024-10-14 02:51:12,11.22675
2024-10-14 02:52:12,11.22675
2024-10-14 02:53:12,11.22675
2024-10-14 02:54:12,11.22675
2024-10-14 02:55:12,11.22675
2024-10-14 02:56:12,11.22675
2024-10-14 02:57:12,11.22675
2024-10-14 02:58:12,11.117925
2024-10-14 02:59:12,11.027624999999999
2024-10-14 03:00:12,10.954049999999999
2024-10-14 03:01:12,10.894049999999998
2024-10-14 03:02:12,10.849275
2024-10-14 03:03:12,10.930575
2024-10-14 03:04:12,11.007825
2024-10-14 03:05:12,11.08125
2024-10-14 03:06:12,11.150400000000001
2024-10-14 03:07:12,11.204325
2024-10-14 03:08:12,11.241000000000001
2024-10-14 03:09:12,11.263200000000001
2024-10-14 03:10:12,11.2725
2024-10-14 03:11:12,11.2725
2024-10-14 03:12:12,11.2725
2024-10-14 03:13:12,11.2725
2024-10-14 03:14:12,11.2725
2024-10-14 03:15:12,11.2725
2024-10-14 03:16:12,11.2725
2024-10-14 03:17:12,11.139675
2024-10-14 03:18:12,11.027625
2024-10-14 03:19:12,10.935375
2024-10-14 03:20:12,10.85835
2024-10-14 03:21:12,10.801950000000001
2024-10-14 03:22:12,10.893975000000001
2024-10-14 03:23:12,10.981125
2024-10-14 03:24:12,11.06025
2024-10-14 03:25:12,11.134875000000001
2024-10-14 03:26:12,11.188875
2024-10-14 03:27:12,11.227275
2024-10-14 03:28:12,11.249775000000001
2024-10-14 03:29:12,11.2605
2024-10-14 03:30:12,11.2605
2024-10-14 03:31:12,11.2605
2024-10-14 03:32:12,11.2605
2024-10-14 03:33:12,11.2605
2024-10-14 03:34:12,11.2605
2024-10-14 03:35:12,11.2605
2024-10-14 03:36:12,11.2605
2024-10-14 03:37:12,11.135625000000001
2024-10-14 03:38:12,11.0286
2024-10-14 03:39:12,10.9389
2024-10-14 03:40:12,10.86615
2024-10-14 03:41:12,10.811775
2024-10-14 03:42:12,10.90185
2024-10-14 03:43:12,10.989525
2024-10-14 03:44:12,11.071125
2024-10-14 03:45:12,11.143575000000002
2024-10-14 03:46:12,11.19765
2024-10-14 03:47:12,11.23215
2024-10-14 03:48:12,11.2512
2024-10-14 03:49:12,11.259
2024-10-14 03:50:12,11.259
2024-10-14 03:51:12,11.259
2024-10-14 03:52:12,11.259
2024-10-14 03:53:12,11.259
2024-10-14 03:54:12,11.259
2024-10-14 03:55:12,11.259
2024-10-14 03:56:12,11.259
2024-10-14 03:57:12,11.139
2024-10-14 03:58:12,11.03535
2024-10-14 03:59:12,10.949025
2024-10-14 04:00:12,10.878375
2024-10-14 04:01:12,10.82595
2024-10-14 04:02:12,10.9104
2024-10-14 04:03:12,10.992375
2024-10-14 04:04:12,11.067375
2024-10-14 04:05:12,11.133
2024-10-14 04:06:12,11.1804
2024-10-14 04:07:12,11.210925
2024-10-14 04:08:12,11.227575
2024-10-14 04:09:12,11.233875
2024-10-14 04:10:12,11.233875
2024-10-14 04:11:12,11.233875
2024-10-14 04:12:12,11.233875
2024-10-14 04:13:12,11.233875
2024-10-14 04:14:12,11.233875
2024-10-14 04:15:12,11.233875
2024-10-14 04:16:12,11.109075
2024-10-14 04:17:12,10.996875
2024-10-14 04:18:12,10.89495
2024-10-14 04:19:12,10.800225000000001
2024-10-14 04:20:12,10.718250000000001
2024-10-14 04:21:12,10.767075
2024-10-14 04:22:12,10.811249999999998
2024-10-14 04:23:12,10.860299999999999
2024-10-14 04:24:12,10.9194
2024-10-14 04:25:12,10.976175000000001
2024-10-14 04:26:12,11.0403
2024-10-14 04:27:12,11.107874999999998
2024-10-14 04:28:12,11.1645
2024-10-14 04:29:12,11.203875
2024-10-14 04:30:12,11.232825000000002
2024-10-14 04:31:12,11.248425000000001
2024-10-14 04:32:12,11.252625
2024-10-14 04:33:12,11.252625
2024-10-14 04:34:12,11.252625
2024-10-14 04:35:12,11.252625
2024-10-14 04:36:12,11.252625
2024-10-14 04:37:12,11.252625
2024-10-14 04:38:12,11.252625
2024-10-14 04:39:12,11.12415
2024-10-14 04:40:12,11.013150000000001
2024-10-14 04:41:12,10.920750000000002
2024-10-14 04:42:12,10.845075
2024-10-14 04:43:12,10.78395
2024-10-14 04:44:12,10.866225
2024-10-14 04:45:12,10.948274999999999
2024-10-14 04:46:12,11.02545
2024-10-14 04:47:12,11.09655
2024-10-14 04:48:12,11.16105
2024-10-14 04:49:12,11.210625
2024-10-14 04:50:12,11.24295
2024-10-14 04:51:12,11.261550000000002
2024-10-14 04:52:12,11.2695
2024-10-14 04:53:12,11.2695
2024-10-14 04:54:12,11.22
2024-10-14 04:55:12,11.188275
2024-10-14 04:56:12,11.188275
2024-10-14 04:57:12,11.188275
2024-10-14 04:58:12,11.188275
2024-10-14 04:59:12,11.237775000000001
2024-10-14 05:00:12,11.2695
2024-10-14 05:01:12,11.2695
2024-10-14 05:02:12,11.2695
2024-10-14 05:03:12,11.2695
2024-10-14 05:04:12,11.154825
2024-10-14 05:05:12,11.05785
2024-10-14 05:06:12,10.9785
2024-10-14 05:07:12,10.9149
2024-10-14 05:08:12,10.868625
2024-10-14 05:09:12,10.951725
2024-10-14 05:10:12,11.028749999999999
2024-10-14 05:11:12,11.096100000000002
2024-10-14 05:12:12,11.15505
2024-10-14 05:13:12,11.196675
2024-10-14 05:14:12,11.223600000000001
2024-10-14 05:15:12,11.238900000000001
2024-10-14 05:16:12,11.24625
2024-10-14 05:17:12,11.24625
2024-10-14 05:18:12,11.24625
2024-10-14 05:19:12,11.24625
2024-10-14 05:20:12,11.24625
2024-10-14 05:21:12,11.24625
2024-10-14 05:22:12,11.24625
2024-10-14 05:23:12,11.118
2024-10-14 05:24:12,11.009325
2024-10-14 05:25:12,10.916775000000001
2024-10-14 05:26:12,10.841775
2024-10-14 05:27:12,10.78275
2024-10-14 05:28:12,10.868174999999999
2024-10-14 05:29:12,10.95
2024-10-14 05:30:12,11.029274999999998
2024-10-14 05:31:12,11.099475
2024-10-14 05:32:12,11.159475
2024-10-14 05:33:12,11.203275000000001
2024-10-14 05:34:12,11.231100000000001
2024-10-14 05:35:12,11.24535
2024-10-14 05:36:12,11.251125
2024-10-14 05:37:12,11.251125
2024-10-14 05:38:12,11.251125
2024-10-14 05:39:12,11.251125
2024-10-14 05:40:12,11.251125
2024-10-14 05:41:12,11.251125
2024-10-14 05:42:12,11.251125
2024-10-14 05:43:12,11.123774999999998
2024-10-14 05:44:12,11.01285
2024-10-14 05:45:12,10.918275
2024-10-14 05:46:12,10.8399
2024-10-14 05:47:12,10.778025
2024-10-14 05:48:12,10.85985
2024-10-14 05:49:12,10.94145
2024-10-14 05:50:12,11.020875
2024-10-14 05:51:12,11.0955
2024-10-14 05:52:12,11.160300000000001
2024-10-14 05:53:12,11.20875
2024-10-14 05:54:12,11.241
2024-10-14 05:55:12,11.259075
2024-10-14 05:56:12,11.26575
2024-10-14 05:57:12,11.26575
2024-10-14 05:58:12,11.26575
2024-10-14 05:59:12,11.26575
2024-10-14 06:00:12,11.26575
2024-10-14 06:01:12,11.26575
2024-10-14 06:02:12,11.26575
2024-10-14 06:03:13,11.139675
2024-10-14 06:04:13,11.030100000000001
2024-10-14 06:05:13,10.937625
2024-10-14 06:06:13,10.862775000000001
2024-10-14 06:07:13,10.803675
2024-10-14 06:08:13,10.88715
2024-10-14 06:09:13,10.967400000000001
2024-10-14 06:10:13,11.040600000000001
2024-10-14 06:11:13,11.1027
2024-10-14 06:12:13,11.149049999999999
2024-10-14 06:13:13,11.1789
2024-10-14 06:14:13,11.195474999999998
2024-10-14 06:15:13,11.202
2024-10-14 06:16:13,11.202
2024-10-14 06:17:13,11.202
2024-10-14 06:18:13,11.202
2024-10-14 06:19:13,11.202
2024-10-14 06:20:13,11.202
2024-10-14 06:21:13,11.202
2024-10-14 06:22:13,11.202
2024-10-14 06:23:13,11.096325
2024-10-14 06:24:13,11.007
2024-10-14 06:25:13,10.935599999999999
2024-10-14 06:26:13,10.878825
2024-10-14 06:27:13,10.8393
2024-10-14 06:28:13,10.921050000000001
2024-10-14 06:29:13,10.998375
2024-10-14 06:30:13,11.06505
2024-10-14 06:31:13,11.122499999999999
2024-10-14 06:32:13,11.162700000000001
2024-10-14 06:33:13,11.187299999999999
2024-10-14 06:34:13,11.199975
2024-10-14 06:35:13,11.205375
2024-10-14 06:36:13,11.205375
2024-10-14 06:37:13,11.205375
2024-10-14 06:38:13,11.159925
2024-10-14 06:39:13,11.160975
2024-10-14 06:40:13,11.122725
2024-10-14 06:41:13,11.048175
2024-10-14 06:42:13,11.049225
2024-10-14 06:43:13,11.095725
2024-10-14 06:44:13,11.095725
2024-10-14 06:45:13,11.135025
2024-10-14 06:46:13,11.210625
2024-10-14 06:47:13,11.210625
2024-10-14 06:48:13,11.116499999999998
2024-10-14 06:49:13,11.0391
2024-10-14 06:50:13,10.97835
2024-10-14 06:51:13,10.935599999999999
2024-10-14 06:52:13,10.9095
2024-10-14 06:53:13,10.993125000000001
2024-10-14 06:54:13,11.073675
2024-10-14 06:55:13,11.14665
2024-10-14 06:56:13,11.2056
2024-10-14 06:57:13,11.2479
2024-10-14 06:58:13,11.274600000000001
2024-10-14 06:59:13,11.28765
2024-10-14 07:00:13,11.291625
2024-10-14 07:01:13,11.291625
2024-10-14 07:02:13,11.291625
2024-10-14 07:03:13,11.291625
2024-10-14 07:04:13,11.291625
2024-10-14 07:05:13,11.291625
2024-10-14 07:06:13,11.291625
2024-10-14 07:07:13,11.165925000000001
2024-10-14 07:08:13,11.05935
2024-10-14 07:09:13,10.971075
2024-10-14 07:10:13,10.898925
2024-10-14 07:11:13,10.841325000000001
2024-10-14 07:12:13,10.926449999999999
2024-10-14 07:13:13,11.005875
2024-10-14 07:14:13,11.078100000000001
2024-10-14 07:15:13,11.14185
2024-10-14 07:16:13,11.19105
2024-10-14 07:17:13,11.223225000000001
2024-10-14 07:18:13,11.241975
2024-10-14 07:19:13,11.249625
2024-10-14 07:20:13,11.249625
2024-10-14 07:21:13,11.249625
2024-10-14 07:22:13,11.249625
2024-10-14 07:23:13,11.249625
2024-10-14 07:24:13,11.249625
2024-10-14 07:25:13,11.249625
2024-10-14 07:26:13,11.249625
2024-10-14 07:27:13,11.1366
2024-10-14 07:28:13,11.038124999999999
2024-10-14 07:29:13,10.955775
2024-10-14 07:30:13,10.892100000000001
2024-10-14 07:31:13,10.845075
2024-10-14 07:32:13,10.928325
2024-10-14 07:33:13,11.012775000000001
2024-10-14 07:34:13,11.091975
2024-10-14 07:35:13,11.159925
2024-10-14 07:36:13,11.211225
2024-10-14 07:37:13,11.245275000000001
2024-10-14 07:38:13,11.263575
2024-10-14 07:39:13,11.271
2024-10-14 07:40:13,11.271
2024-10-14 07:41:13,11.271
2024-10-14 07:42:13,11.271
2024-10-14 07:43:13,11.271
2024-10-14 07:44:13,11.271
2024-10-14 07:45:13,11.271
2024-10-14 07:46:13,11.271
2024-10-14 07:47:13,11.271
2024-10-14 07:48:13,11.271
2024-10-14 07:49:13,11.271
2024-10-14 07:50:13,11.153550000000001
2024-10-14 07:51:13,11.041875000000001
2024-10-14 07:52:13,10.947075000000002
2024-10-14 07:53:13,10.8684
2024-10-14 07:54:13,10.8084
2024-10-14 07:55:13,10.880325
2024-10-14 07:56:13,10.96215
2024-10-14 07:57:13,11.0397
2024-10-14 07:58:13,11.111175
2024-10-14 07:59:13,11.169225
2024-10-14 08:00:13,11.2128
2024-10-14 08:01:13,11.2407
2024-10-14 08:02:13,11.256
2024-10-14 08:03:13,11.26125
2024-10-14 08:04:13,11.26125
2024-10-14 08:05:13,11.26125
2024-10-14 08:06:13,11.26125
2024-10-14 08:07:13,11.26125
2024-10-14 08:08:13,11.26125
2024-10-14 08:09:13,11.26125
2024-10-14 08:10:13,11.26125
2024-10-14 08:11:13,11.1423
2024-10-14 08:12:13,11.04255
2024-10-14 08:13:13,10.961099999999998
2024-10-14 08:14:13,10.897124999999999
2024-10-14 08:15:13,10.85475
2024-10-14 08:16:13,10.951575
2024-10-14 08:17:14,11.04435
2024-10-14 08:18:14,11.129024999999999
2024-10-14 08:19:14,11.204475
2024-10-14 08:20:14,11.258325
2024-10-14 08:21:14,11.291925
2024-10-14 08:22:14,11.310374999999999
2024-10-14 08:23:14,11.318625
2024-10-14 08:24:14,11.318625
2024-10-14 08:25:14,11.318625
2024-10-14 08:26:14,11.318625
2024-10-14 08:27:14,11.318625
2024-10-14 08:28:14,11.318625
2024-10-14 08:29:14,11.318625
2024-10-14 08:30:14,11.179275
2024-10-14 08:31:14,11.058300000000001
2024-10-14 08:32:14,10.952475
2024-10-14 08:33:14,10.8657
2024-10-14 08:34:14,10.797975
2024-10-14 08:35:14,10.885575
2024-10-14 08:36:14,10.97175
2024-10-14 08:37:14,11.057400000000001
2024-10-14 08:38:14,11.1327
2024-10-14 08:39:14,11.19495
2024-10-14 08:40:14,11.241225
2024-10-14 08:41:14,11.27055
2024-10-14 08:42:14,11.285250000000001
2024-10-14 08:43:14,11.29125
2024-10-14 08:44:14,11.29125
2024-10-14 08:45:14,11.29125
2024-10-14 08:46:14,11.29125
2024-10-14 08:47:14,11.29125
2024-10-14 08:48:14,11.29125
2024-10-14 08:49:14,11.29125
2024-10-14 08:50:14,11.16555
2024-10-14 08:51:14,11.05935
2024-10-14 08:52:14,10.970324999999999
2024-10-14 08:53:14,10.896449999999998
2024-10-14 08:54:14,10.839675
2024-10-14 08:55:14,10.9239
2024-10-14 08:56:14,11.003850000000002
2024-10-14 08:57:14,11.079899999999999
2024-10-14 08:58:14,11.151150000000001
2024-10-14 08:59:14,11.2053
2024-10-14 09:00:14,11.244150000000001
2024-10-14 09:01:14,11.267774999999999
2024-10-14 09:02:14,11.278125
2024-10-14 09:03:14,11.278125
2024-10-14 09:04:15,11.278125
2024-10-14 09:05:15,11.278125
2024-10-14 09:06:15,11.278125
2024-10-14 09:07:15,11.278125
2024-10-14 09:08:15,11.278125
2024-10-14 09:09:15,11.278125
2024-10-14 09:10:15,11.1594
2024-10-14 09:11:15,11.058375
2024-10-14 09:12:15,10.977450000000001
2024-10-14 09:13:15,10.913475
2024-10-14 09:14:15,10.8654
2024-10-14 09:15:15,10.9542
2024-10-14 09:16:15,11.039024999999999
2024-10-14 09:17:15,11.11275
2024-10-14 09:18:15,11.1759
2024-10-14 09:19:15,11.22315
2024-10-14 09:20:15,11.25225
2024-10-14 09:21:15,11.267624999999999
2024-10-14 09:22:15,11.274
2024-10-14 09:23:15,11.274
2024-10-14 09:24:15,11.274
2024-10-14 09:25:15,11.274
2024-10-14 09:26:15,11.274
2024-10-14 09:27:15,11.274
2024-10-14 09:28:15,11.274
2024-10-14 09:29:15,11.274
2024-10-14 09:30:15,11.14515
2024-10-14 09:31:15,11.025749999999999
2024-10-14 09:32:15,10.91625
2024-10-14 09:33:15,10.820924999999999
2024-10-14 09:34:15,10.741200000000001
2024-10-14 09:35:15,10.785075
2024-10-14 09:36:15,10.83435
2024-10-14 09:37:15,10.8903
2024-10-14 09:38:15,10.9482
2024-10-14 09:39:15,11.008725
2024-10-14 09:40:15,11.089125000000001
2024-10-14 09:41:15,11.1642
2024-10-14 09:42:15,11.2227
2024-10-14 09:43:15,11.265075
2024-10-14 09:44:15,11.289224999999998
2024-10-14 09:45:15,11.29875
2024-10-14 09:46:15,11.29875
2024-10-14 09:47:15,11.29875
2024-10-14 09:48:15,11.29875
2024-10-14 09:49:15,11.29875
2024-10-14 09:50:15,11.29875
2024-10-14 09:51:15,11.29875
2024-10-14 09:52:15,11.29875
2024-10-14 09:53:15,11.171175000000002
2024-10-14 09:54:15,11.060175
2024-10-14 09:55:15,10.965525
2024-10-14 09:56:15,10.888275
2024-10-14 09:57:15,10.829024999999998
2024-10-14 09:58:15,10.916174999999999
2024-10-14 09:59:15,11.003025
2024-10-14 10:00:15,11.085749999999999
2024-10-14 10:01:15,11.16015
2024-10-14 10:02:15,11.21655
2024-10-14 10:03:15,11.254124999999998
2024-10-14 10:04:15,11.275425
2024-10-14 10:05:15,11.2845
2024-10-14 10:06:15,11.2845
2024-10-14 10:07:15,11.2845
2024-10-14 10:08:15,11.2845
2024-10-14 10:09:15,11.2845
2024-10-14 10:10:15,11.2845
2024-10-14 10:11:15,11.2845
2024-10-14 10:12:15,11.153775
2024-10-14 10:13:15,11.039325
2024-10-14 10:14:15,10.945274999999999
2024-10-14 10:15:15,10.870574999999999
2024-10-14 10:16:15,10.811250000000001
2024-10-14 10:17:15,10.900274999999999
2024-10-14 10:18:15,10.990275
2024-10-14 10:19:15,11.0718
2024-10-14 10:20:15,11.14215
2024-10-14 10:21:15,11.2041
2024-10-14 10:22:15,11.248425000000001
2024-10-14 10:23:15,11.275500000000001
2024-10-14 10:24:15,11.29065
2024-10-14 10:25:15,11.297625
2024-10-14 10:26:15,11.297625
2024-10-14 10:27:15,11.297625
2024-10-14 10:28:15,11.297625
2024-10-14 10:29:15,11.297625
2024-10-14 10:30:15,11.297625
2024-10-14 10:31:15,11.297625
2024-10-14 10:32:15,11.1648
2024-10-14 10:33:15,11.051775000000001
2024-10-14 10:34:15,10.956900000000001
2024-10-14 10:35:15,10.877925
2024-10-14 10:36:15,10.811625
2024-10-14 10:37:15,10.885349999999999
2024-10-14 10:38:15,10.9482
2024-10-14 10:39:15,10.998675
2024-10-14 10:40:15,11.04165
2024-10-14 10:41:15,11.084475000000001
2024-10-14 10:42:15,11.132625
2024-10-14 10:43:15,11.178899999999999
2024-10-14 10:44:15,11.226149999999999
2024-10-14 10:45:15,11.265
2024-10-14 10:46:15,11.291325
2024-10-14 10:47:15,11.305125
2024-10-14 10:48:15,11.311875
2024-10-14 10:49:15,11.311875
2024-10-14 10:50:15,11.311875
2024-10-14 10:51:15,11.311875
2024-10-14 10:52:15,11.311875
2024-10-14 10:53:15,11.311875
2024-10-14 10:54:15,11.311875
2024-10-14 10:55:15,11.181225000000001
2024-10-14 10:56:15,11.068875
2024-10-14 10:57:15,10.976099999999999
2024-10-14 10:58:15,10.901475
2024-10-14 10:59:15,10.843725000000001
2024-10-14 11:00:15,10.9323
2024-10-14 11:01:15,11.0196
2024-10-14 11:02:15,11.0997
2024-10-14 11:03:15,11.172524999999998
2024-10-14 11:04:15,11.2353
2024-10-14 11:05:15,11.282399999999999
2024-10-14 11:06:15,11.312475000000001
2024-10-14 11:07:15,11.330175
2024-10-14 11:08:15,11.337
2024-10-14 11:09:15,11.337
2024-10-14 11:10:15,11.337
2024-10-14 11:11:15,11.337
2024-10-14 11:12:15,11.337
2024-10-14 11:13:15,11.337
2024-10-14 11:14:15,11.189475
2024-10-14 11:15:15,11.0607
2024-10-14 11:16:15,10.9503
2024-10-14 11:17:15,10.860825
2024-10-14 11:18:15,10.791075000000001
2024-10-14 11:19:15,10.88415
2024-10-14 11:20:15,10.97565
2024-10-14 11:21:15,11.063550000000001
2024-10-14 11:22:15,11.139750000000001
2024-10-14 11:23:15,11.202525
2024-10-14 11:24:15,11.25
2024-10-14 11:25:15,11.2803
2024-10-14 11:26:15,11.295825
2024-10-14 11:27:15,11.302125
2024-10-14 11:28:15,11.302125
2024-10-14 11:29:15,11.302125
2024-10-14 11:30:15,11.302125
2024-10-14 11:31:15,11.302125
2024-10-14 11:32:15,11.302125
2024-10-14 11:33:15,11.302125
2024-10-14 11:34:15,11.172225000000001
2024-10-14 11:35:15,11.05725
2024-10-14 11:36:15,10.95945
2024-10-14 11:37:15,10.87965
2024-10-14 11:38:15,10.817025000000001
2024-10-14 11:39:15,10.902825
2024-10-14 11:40:15,10.991024999999999
2024-10-14 11:41:15,11.074499999999999
2024-10-14 11:42:15,11.148525000000001
2024-10-14 11:43:15,11.21145
2024-10-14 11:44:16,11.25585
2024-10-14 11:45:16,11.282925
2024-10-14 11:46:16,11.297550000000001
2024-10-14 11:47:16,11.303625
2024-10-14 11:48:16,11.303625
2024-10-14 11:49:16,11.303625
2024-10-14 11:50:16,11.209275000000002
2024-10-14 11:51:17,11.164425
2024-10-14 11:52:17,11.165700000000001
2024-10-14 11:53:17,11.12925
2024-10-14 11:54:17,11.057775000000001
2024-10-14 11:55:17,11.048175
2024-10-14 11:56:17,11.0943
2024-10-14 11:57:17,11.0943
2024-10-14 11:58:17,11.132025
2024-10-14 11:59:17,11.204775000000001
2024-10-14 12:00:17,11.31
2024-10-14 12:01:17,11.219100000000001
2024-10-14 12:02:17,11.14365
2024-10-14 12:03:17,11.08485
2024-10-14 12:04:17,11.042774999999999
2024-10-14 12:05:17,11.017725
2024-10-14 12:06:17,11.097750000000001
2024-10-14 12:07:17,11.173725
2024-10-14 12:08:17,11.2392
2024-10-14 12:09:17,11.28795
2024-10-14 12:10:17,11.319675
2024-10-14 12:11:17,11.337225
2024-10-14 12:12:17,11.343375
2024-10-14 12:13:17,11.343375
2024-10-14 12:14:17,11.343375
2024-10-14 12:15:17,11.343375
2024-10-14 12:16:17,11.343375
2024-10-14 12:17:17,11.343375
2024-10-14 12:18:17,11.19765
2024-10-14 12:19:17,11.070825
2024-10-14 12:20:17,10.9623
2024-10-14 12:21:17,10.8708
2024-10-14 12:22:17,10.7976
2024-10-14 12:23:17,10.8888
2024-10-14 12:24:17,10.977900000000002
2024-10-14 12:25:17,11.0658
2024-10-14 12:26:17,11.148824999999999
2024-10-14 12:27:17,11.221875
2024-10-14 12:28:17,11.27625
2024-10-14 12:29:17,11.313825
2024-10-14 12:30:17,11.3343
2024-10-14 12:31:17,11.342625
2024-10-14 12:32:17,11.342625
2024-10-14 12:33:17,11.342625
2024-10-14 12:34:17,11.342625
2024-10-14 12:35:17,11.342625
2024-10-14 12:36:17,11.342625
2024-10-14 12:37:17,11.342625
2024-10-14 12:38:17,11.204025
2024-10-14 12:39:17,11.084325
2024-10-14 12:40:17,10.979925
2024-10-14 12:41:17,10.893075
2024-10-14 12:42:17,10.822725
2024-10-14 12:43:17,10.908825
2024-10-14 12:44:17,10.989975000000001
2024-10-14 12:45:17,11.0691
2024-10-14 12:46:17,11.138925
2024-10-14 12:47:17,11.198325
2024-10-14 12:48:17,11.239875
2024-10-14 12:49:17,11.267475
2024-10-14 12:50:17,11.2818
2024-10-14 12:51:17,11.287875
2024-10-14 12:52:17,11.287875
2024-10-14 12:53:17,11.287875
2024-10-14 12:54:17,11.287875
2024-10-14 12:55:17,11.287875
2024-10-14 12:56:17,11.287875
2024-10-14 12:57:17,11.287875
2024-10-14 12:58:17,11.158425
2024-10-14 12:59:17,11.046075
2024-10-14 13:00:17,10.9506
2024-10-14 13:01:17,10.87275
2024-10-14 13:02:17,10.813725
2024-10-14 13:03:17,10.901025
2024-10-14 13:04:17,10.989675
2024-10-14 13:05:17,11.075175
2024-10-14 13:06:17,11.15445
2024-10-14 13:07:17,11.22075
2024-10-14 13:08:17,11.270175
2024-10-14 13:09:17,11.301149999999998
2024-10-14 13:10:17,11.3184
2024-10-14 13:11:17,11.32425
2024-10-14 13:12:17,11.32425
2024-10-14 13:13:17,11.32425
2024-10-14 13:14:17,11.32425
2024-10-14 13:15:17,11.32425
2024-10-14 13:16:17,11.32425
2024-10-14 13:17:17,11.32425
2024-10-14 13:18:17,11.196075
2024-10-14 13:19:18,11.086725
2024-10-14 13:20:18,10.995525
2024-10-14 13:21:18,10.92285
2024-10-14 13:22:18,10.868100000000002
2024-10-14 13:23:18,10.95765
2024-10-14 13:24:18,11.0433
2024-10-14 13:25:18,11.12265
2024-10-14 13:26:18,11.191650000000001
2024-10-14 13:27:18,11.248275000000001
2024-10-14 13:28:18,11.288775
2024-10-14 13:29:18,11.31435
2024-10-14 13:30:18,11.328075
2024-10-14 13:31:18,11.333625
2024-10-14 13:32:18,11.333625
2024-10-14 13:33:18,11.333625
2024-10-14 13:34:18,11.333625
2024-10-14 13:35:18,11.333625
2024-10-14 13:36:18,11.333625
2024-10-14 13:37:18,11.333625
2024-10-14 13:38:18,11.333625
2024-10-14 13:39:18,11.18625
2024-10-14 13:40:18,11.04645
2024-10-14 13:41:18,10.9191
2024-10-14 13:42:18,10.807950000000002
2024-10-14 13:43:18,10.711875
2024-10-14 13:44:18,10.781625
2024-10-14 13:45:18,10.8615
2024-10-14 13:46:18,10.947149999999999
2024-10-14 13:47:18,11.034524999999999
2024-10-14 13:48:18,11.120025000000002
2024-10-14 13:49:18,11.198625
2024-10-14 13:50:18,11.268375
2024-10-14 13:51:18,11.3199
2024-10-14 13:52:18,11.3535
2024-10-14 13:53:18,11.3739
2024-10-14 13:54:18,11.38275
2024-10-14 13:55:18,11.38275
2024-10-14 13:56:18,11.38275
2024-10-14 13:57:18,11.38275
2024-10-14 13:58:18,11.38275
2024-10-14 13:59:18,11.38275
2024-10-14 14:00:18,11.231849999999998
2024-10-14 14:01:18,11.09745
2024-10-14 14:02:18,10.979474999999999
2024-10-14 14:03:18,10.877025
2024-10-14 14:04:18,10.789724999999999
2024-10-14 14:05:18,10.871625
2024-10-14 14:06:18,10.953825
2024-10-14 14:07:18,11.0382
2024-10-14 14:08:18,11.121974999999999
2024-10-14 14:09:18,11.20305
2024-10-14 14:10:18,11.2725
2024-10-14 14:11:18,11.32515
2024-10-14 14:12:18,11.3592
2024-10-14 14:13:18,11.378325
2024-10-14 14:14:18,11.385
2024-10-14 14:15:18,11.385
2024-10-14 14:16:18,11.385
2024-10-14 14:17:18,11.385
2024-10-14 14:18:18,11.385
2024-10-14 14:19:18,11.385
2024-10-14 14:20:18,11.2326
2024-10-14 14:21:18,11.0976
2024-10-14 14:22:18,10.9803
2024-10-14 14:23:18,10.882575
2024-10-14 14:24:18,10.7988
2024-10-14 14:25:18,10.887150000000002
2024-10-14 14:26:18,10.974900000000002
2024-10-14 14:27:18,11.061224999999999
2024-10-14 14:28:18,11.138325
2024-10-14 14:29:18,11.2125
2024-10-14 14:30:18,11.26695
2024-10-14 14:31:18,11.304599999999999
2024-10-14 14:32:18,11.325975
2024-10-14 14:33:18,11.337
2024-10-14 14:34:18,11.337
2024-10-14 14:35:18,11.337
2024-10-14 14:36:18,11.337
2024-10-14 14:37:18,11.337
2024-10-14 14:38:18,11.337
2024-10-14 14:39:18,11.337
2024-10-14 14:40:18,11.2005
2024-10-14 14:41:18,11.082374999999999
2024-10-14 14:42:18,10.983075
2024-10-14 14:43:18,10.903425
2024-10-14 14:44:18,10.837575000000001
2024-10-14 14:45:18,10.917375000000002
2024-10-14 14:46:18,10.986675
2024-10-14 14:47:18,11.047574999999998
2024-10-14 14:48:18,11.098049999999999
2024-10-14 14:49:18,11.143049999999999
2024-10-14 14:50:18,11.188125
2024-10-14 14:51:18,11.234549999999999
2024-10-14 14:52:18,11.273774999999999
2024-10-14 14:53:18,11.303774999999998
2024-10-14 14:54:18,11.32545
2024-10-14 14:55:18,11.337900000000001
2024-10-14 14:56:18,11.341125
2024-10-14 14:57:18,11.341125
2024-10-14 14:58:18,11.341125
2024-10-14 14:59:18,11.341125
2024-10-14 15:00:18,11.341125
2024-10-14 15:01:18,11.341125
2024-10-14 15:02:18,11.1966
2024-10-14 15:03:18,11.069700000000001
2024-10-14 15:04:18,10.961549999999999
2024-10-14 15:05:18,10.871625
2024-10-14 15:06:18,10.7994
2024-10-14 15:07:18,10.88985
2024-10-14 15:08:18,10.98
2024-10-14 15:09:18,11.068200000000001
2024-10-14 15:10:18,11.151225
2024-10-14 15:11:18,11.226075
2024-10-14 15:12:18,11.282775
2024-10-14 15:13:18,11.32215
2024-10-14 15:14:18,11.344725
2024-10-14 15:15:18,11.35425
2024-10-14 15:16:18,11.35425
2024-10-14 15:17:18,11.35425
2024-10-14 15:18:18,11.35425
2024-10-14 15:19:18,11.35425
2024-10-14 15:20:18,11.35425
2024-10-14 15:21:18,11.35425
2024-10-14 15:22:18,11.35425
2024-10-14 15:23:18,11.2068
2024-10-14 15:24:18,11.078700000000001
2024-10-14 15:25:18,10.963725
2024-10-14 15:26:18,10.863825
2024-10-14 15:27:18,10.781699999999999
2024-10-14 15:28:18,10.864875000000001
2024-10-14 15:29:18,10.945575
2024-10-14 15:30:18,11.030025
2024-10-14 15:31:18,11.114925
2024-10-14 15:32:18,11.190975
2024-10-14 15:33:18,11.255775
2024-10-14 15:34:18,11.303700000000001
2024-10-14 15:35:18,11.33475
2024-10-14 15:36:18,11.350275
2024-10-14 15:37:18,11.356875
2024-10-14 15:38:18,11.356875
2024-10-14 15:39:18,11.356875
2024-10-14 15:40:18,11.356875
2024-10-14 15:41:18,11.356875
2024-10-14 15:42:18,11.356875
2024-10-14 15:43:18,11.356875
2024-10-14 15:44:18,11.221875
2024-10-14 15:45:18,11.10555
2024-10-14 15:46:18,11.008125
2024-10-14 15:47:18,10.928925000000001
2024-10-14 15:48:18,10.86705
2024-10-14 15:49:19,10.957199999999998
2024-10-14 15:50:19,11.04675
2024-10-14 15:51:19,11.131725
2024-10-14 15:52:19,11.208075
2024-10-14 15:53:19,11.274825
2024-10-14 15:54:19,11.32905
2024-10-14 15:55:19,11.365200000000002
2024-10-14 15:56:19,11.387025
2024-10-14 15:57:19,11.39925
2024-10-14 15:58:19,11.40375
2024-10-14 15:59:19,11.40375
2024-10-14 16:00:19,11.40375
2024-10-14 16:01:19,11.40375
2024-10-14 16:02:19,11.40375
2024-10-14 16:03:20,11.40375
2024-10-14 16:04:20,11.40375
2024-10-14 16:05:20,11.40375
2024-10-14 16:06:20,11.258475
2024-10-14 16:07:20,11.129999999999999
2024-10-14 16:08:20,11.0208
2024-10-14 16:09:20,10.928475
2024-10-14 16:10:20,10.85355
2024-10-14 16:11:20,10.94025
2024-10-14 16:12:20,11.028749999999999
2024-10-14 16:13:20,11.110500000000002
2024-10-14 16:14:20,11.186175
2024-10-14 16:15:20,11.251275
2024-10-14 16:16:20,11.300025
2024-10-14 16:17:20,11.330175
2024-10-14 16:18:20,11.347800000000001
2024-10-14 16:19:20,11.354625
2024-10-14 16:20:20,11.354625
2024-10-14 16:21:20,11.354625
2024-10-14 16:22:20,11.354625
2024-10-14 16:23:20,11.354625
2024-10-14 16:24:20,11.354625
2024-10-14 16:25:20,11.354625
2024-10-14 16:26:20,11.208675
2024-10-14 16:27:20,11.06475
2024-10-14 16:28:20,10.937100000000001
2024-10-14 16:29:20,10.8177
2024-10-14 16:30:20,10.707825
2024-10-14 16:31:20,10.756874999999999
2024-10-14 16:32:20,10.8189
2024-10-14 16:33:20,10.867349999999998
2024-10-14 16:34:20,10.92165
2024-10-14 16:35:20,10.9833
2024-10-14 16:36:20,11.048174999999999
2024-10-14 16:37:20,11.112225
2024-10-14 16:38:20,11.183775
2024-10-14 16:39:20,11.241225
2024-10-14 16:40:20,11.2818
2024-10-14 16:41:20,11.306175000000001
2024-10-14 16:42:20,11.316375
2024-10-14 16:43:20,11.316375
2024-10-14 16:44:20,11.316375
2024-10-14 16:45:20,11.316375
2024-10-14 16:46:20,11.316375
2024-10-14 16:47:20,11.316375
2024-10-14 16:48:20,11.316375
2024-10-14 16:49:20,11.18265
2024-10-14 16:50:20,11.06955
2024-10-14 16:51:20,10.972575
2024-10-14 16:52:20,10.891275000000002
2024-10-14 16:53:20,10.827074999999999
2024-10-14 16:54:20,10.914674999999999
2024-10-14 16:55:20,10.99725
2024-10-14 16:56:20,11.0772
2024-10-14 16:57:20,11.153324999999999
2024-10-14 16:58:20,11.21955
2024-10-14 16:59:20,11.267700000000001
2024-10-14 17:00:20,11.30025
2024-10-14 17:01:20,11.3193
2024-10-14 17:02:20,11.3265
2024-10-14 17:03:20,11.3265
2024-10-14 17:04:20,11.3265
2024-10-14 17:05:20,11.3265
2024-10-14 17:06:20,11.3265
2024-10-14 17:07:20,11.3265
2024-10-14 17:08:20,11.183175
2024-10-14 17:09:20,11.05785
2024-10-14 17:10:20,10.94745
2024-10-14 17:11:20,10.852575
2024-10-14 17:12:20,10.776599999999998
2024-10-14 17:13:20,10.862025
2024-10-14 17:14:20,10.949099999999998
2024-10-14 17:15:20,11.038875
2024-10-14 17:16:20,11.12715
2024-10-14 17:17:20,11.206050000000001
2024-10-14 17:18:20,11.27325
2024-10-14 17:19:20,11.3208
2024-10-14 17:20:20,11.350725
2024-10-14 17:21:20,11.366624999999999
2024-10-14 17:22:20,11.373
2024-10-14 17:23:20,11.373
2024-10-14 17:24:20,11.373
2024-10-14 17:25:20,11.373
2024-10-14 17:26:20,11.373
2024-10-14 17:27:20,11.373
2024-10-14 17:28:20,11.222024999999999
2024-10-14 17:29:20,11.08875
2024-10-14 17:30:20,10.972575
2024-10-14 17:31:20,10.87425
2024-10-14 17:32:20,10.793249999999999
2024-10-14 17:33:20,10.88115
2024-10-14 17:34:20,10.969275
2024-10-14 17:35:20,11.0577
2024-10-14 17:36:20,11.142824999999998
2024-10-14 17:37:20,11.2203
2024-10-14 17:38:20,11.2854
2024-10-14 17:39:20,11.332575
2024-10-14 17:40:20,11.36235
2024-10-14 17:41:20,11.377575
2024-10-14 17:42:20,11.383125
2024-10-14 17:43:20,11.383125
2024-10-14 17:44:20,11.383125
2024-10-14 17:45:20,11.383125
2024-10-14 17:46:20,11.383125
2024-10-14 17:47:20,11.383125
2024-10-14 17:48:20,11.239275000000001
2024-10-14 17:49:20,11.1129
2024-10-14 17:50:20,11.00295
2024-10-14 17:51:20,10.909125
2024-10-14 17:52:20,10.8309
2024-10-14 17:53:20,10.9128
2024-10-14 17:54:20,10.99485
2024-10-14 17:55:20,11.079825000000001
2024-10-14 17:56:20,11.16315
2024-10-14 17:57:20,11.242500000000001
2024-10-14 17:58:20,11.305575
2024-10-14 17:59:20,11.351025
2024-10-14 18:00:20,11.377125
2024-10-14 18:01:20,11.38875
2024-10-14 18:02:20,11.38875
2024-10-14 18:03:20,11.38875
2024-10-14 18:04:20,11.38875
2024-10-14 18:05:20,11.38875
2024-10-14 18:06:20,11.38875
2024-10-14 18:07:20,11.38875
2024-10-14 18:08:20,11.242650000000001
2024-10-14 18:09:20,11.1159
2024-10-14 18:10:20,11.002424999999999
2024-10-14 18:11:20,10.90035
2024-10-14 18:12:20,10.80615
2024-10-14 18:13:20,10.871625
2024-10-14 18:14:20,10.926224999999999
2024-10-14 18:15:20,10.977450000000001
2024-10-14 18:16:20,11.031075000000001
2024-10-14 18:17:20,11.093399999999999
2024-10-14 18:18:20,11.148225
2024-10-14 18:19:20,11.202675000000001
2024-10-14 18:20:20,11.2539
2024-10-14 18:21:20,11.291324999999999
2024-10-14 18:22:20,11.312175
2024-10-14 18:23:20,11.32695
2024-10-14 18:24:20,11.333625
2024-10-14 18:25:20,11.333625
2024-10-14 18:26:20,11.333625
2024-10-14 18:27:20,11.333625
2024-10-14 18:28:20,11.333625
2024-10-14 18:29:20,11.333625
2024-10-14 18:30:20,11.1903
2024-10-14 18:31:20,11.066849999999999
2024-10-14 18:32:20,10.961324999999999
2024-10-14 18:33:20,10.872675
2024-10-14 18:34:20,10.804350000000001
2024-10-14 18:35:20,10.897499999999999
2024-10-14 18:36:20,10.9866
2024-10-14 18:37:20,11.075925000000002
2024-10-14 18:38:20,11.163900000000002
2024-10-14 18:39:20,11.240775
2024-10-14 18:40:20,11.307975
2024-10-14 18:41:20,11.35935
2024-10-14 18:42:20,11.392574999999999
2024-10-14 18:43:20,11.410274999999999
2024-10-14 18:44:20,11.41875
2024-10-14 18:45:20,11.41875
2024-10-14 18:46:20,11.41875
2024-10-14 18:47:20,11.41875
2024-10-14 18:48:20,11.41875
2024-10-14 18:49:20,11.41875
2024-10-14 18:50:20,11.261624999999999
2024-10-14 18:51:20,11.122874999999999
2024-10-14 18:52:20,11.001975
2024-10-14 18:53:20,10.897649999999999
2024-10-14 18:54:20,10.809525
2024-10-14 18:55:20,10.894124999999999
2024-10-14 18:56:20,10.978125
2024-10-14 18:57:20,11.060025
2024-10-14 18:58:20,11.139375000000001
2024-10-14 18:59:20,11.212725
2024-10-14 19:00:20,11.27655
2024-10-14 19:01:20,11.3226
2024-10-14 19:02:20,11.3529
2024-10-14 19:03:20,11.369174999999998
2024-10-14 19:04:20,11.37525
2024-10-14 19:05:20,11.37525
2024-10-14 19:06:20,11.37525
2024-10-14 19:07:20,11.37525
2024-10-14 19:08:20,11.37525
2024-10-14 19:09:20,11.37525
2024-10-14 19:10:20,11.231925
2024-10-14 19:11:20,11.1063
2024-10-14 19:12:20,10.99755
2024-10-14 19:13:20,10.9071
2024-10-14 19:14:20,10.831125
2024-10-14 19:15:20,10.917449999999999
2024-10-14 19:16:20,11.0052
2024-10-14 19:17:20,11.0913
2024-10-14 19:18:20,11.170950000000001
2024-10-14 19:19:20,11.244299999999999
2024-10-14 19:20:20,11.3025
2024-10-14 19:21:21,11.341575
2024-10-14 19:22:21,11.365424999999998
2024-10-14 19:23:21,11.377424999999999
2024-10-14 19:24:21,11.38125
2024-10-14 19:25:21,11.38125
2024-10-14 19:26:21,11.38125
2024-10-14 19:27:21,11.38125
2024-10-14 19:28:21,11.38125
2024-10-14 19:29:21,11.38125
2024-10-14 19:30:21,11.38125
2024-10-14 19:31:21,11.38125
2024-10-14 19:32:21,11.38125
2024-10-14 19:33:21,11.23065
2024-10-14 19:34:21,11.097075
2024-10-14 19:35:21,10.980225
2024-10-14 19:36:21,10.88055
2024-10-14 19:37:21,10.798649999999999
2024-10-14 19:38:21,10.886399999999998
2024-10-14 19:39:21,10.974975
2024-10-14 19:40:21,11.0649
2024-10-14 19:41:21,11.151750000000002
2024-10-14 19:42:21,11.230875000000001
2024-10-14 19:43:21,11.29095
2024-10-14 19:44:21,11.333175
2024-10-14 19:45:21,11.357325
2024-10-14 19:46:21,11.367375
2024-10-14 19:47:21,11.367375
2024-10-14 19:48:21,11.367375
2024-10-14 19:49:21,11.367375
2024-10-14 19:50:21,11.367375
2024-10-14 19:51:21,11.367375
2024-10-14 19:52:21,11.367375
2024-10-14 19:53:21,11.226299999999998
2024-10-14 19:54:21,11.105699999999999
2024-10-14 19:55:21,11.00235
2024-10-14 19:56:21,10.918875
2024-10-14 19:57:21,10.8528
2024-10-14 19:58:21,10.94505
2024-10-14 19:59:21,11.03415
2024-10-14 20:00:21,11.120925
2024-10-14 20:01:21,11.196974999999998
2024-10-14 20:02:21,11.263499999999999
2024-10-14 20:03:21,11.312774999999998
2024-10-14 20:04:21,11.344725
2024-10-14 20:05:21,11.361749999999999
2024-10-14 20:06:21,11.369625
2024-10-14 20:07:21,11.369625
2024-10-14 20:08:21,11.369625
2024-10-14 20:09:21,11.369625
2024-10-14 20:10:21,11.369625
2024-10-14 20:11:21,11.369625
2024-10-14 20:12:21,11.216775
2024-10-14 20:13:21,11.08155
2024-10-14 20:14:21,10.96515
2024-10-14 20:15:21,10.867650000000001
2024-10-14 20:16:21,10.786125000000002
2024-10-14 20:17:21,10.876725
2024-10-14 20:18:21,10.970625
2024-10-14 20:19:21,11.0637
2024-10-14 20:20:21,11.152199999999999
2024-10-14 20:21:21,11.235449999999998
2024-10-14 20:22:21,11.30445
2024-10-14 20:23:21,11.352525
2024-10-14 20:24:21,11.3826
2024-10-14 20:25:21,11.398349999999999
2024-10-14 20:26:21,11.403375
2024-10-14 20:27:21,11.403375
2024-10-14 20:28:21,11.403375
2024-10-14 20:29:21,11.403375
2024-10-14 20:30:21,11.403375
2024-10-14 20:31:21,11.403375
2024-10-14 20:32:21,11.247975
2024-10-14 20:33:21,11.108625
2024-10-14 20:34:21,10.9839
2024-10-14 20:35:21,10.87005
2024-10-14 20:36:21,10.779225
2024-10-14 20:37:21,10.856174999999999
2024-10-14 20:38:21,10.92885
2024-10-14 20:39:21,10.998975000000002
2024-10-14 20:40:21,11.073075
2024-10-14 20:41:21,11.123325
2024-10-14 20:42:21,11.173575000000001
2024-10-14 20:43:21,11.222850000000001
2024-10-14 20:44:21,11.27055
2024-10-14 20:45:21,11.3034
2024-10-14 20:46:21,11.337074999999999
2024-10-14 20:47:21,11.358374999999999
2024-10-14 20:48:21,11.368875
2024-10-14 20:49:21,11.368875
2024-10-14 20:50:21,11.368875
2024-10-14 20:51:21,11.368875
2024-10-14 20:52:21,11.368875
2024-10-14 20:53:21,11.368875
2024-10-14 20:54:21,11.215724999999999
2024-10-14 20:55:21,11.08155
2024-10-14 20:56:21,10.965375
2024-10-14 20:57:21,10.868775
2024-10-14 20:58:21,10.789425
2024-10-14 20:59:21,10.878975
2024-10-14 21:00:21,10.964325
2024-10-14 21:01:21,11.047125
2024-10-14 21:02:21,11.122200000000001
2024-10-14 21:03:21,11.19015
2024-10-14 21:04:21,11.249175
2024-10-14 21:05:21,11.293425
2024-10-14 21:06:22,11.322225
2024-10-14 21:07:22,11.339175000000001
2024-10-14 21:08:22,11.346
2024-10-14 21:09:22,11.346
2024-10-14 21:10:22,11.346
2024-10-14 21:11:22,11.346
2024-10-14 21:12:22,11.346
2024-10-14 21:13:22,11.346
2024-10-14 21:14:22,11.204775
2024-10-14 21:15:22,11.08425
2024-10-14 21:16:22,10.981275
2024-10-14 21:17:22,10.89405
2024-10-14 21:18:22,10.822725000000002
2024-10-14 21:19:22,10.911975
2024-10-14 21:20:22,10.99725
2024-10-14 21:21:23,11.080725
2024-10-14 21:22:23,11.15955
2024-10-14 21:23:23,11.230125
2024-10-14 21:24:23,11.284200000000002
2024-10-14 21:25:23,11.32155
2024-10-14 21:26:23,11.34315
2024-10-14 21:27:23,11.35365
2024-10-14 21:28:23,11.3565
2024-10-14 21:29:23,11.3565
2024-10-14 21:30:23,11.3565
2024-10-14 21:31:23,11.3565
2024-10-14 21:32:23,11.3565
2024-10-14 21:33:23,11.3565
2024-10-14 21:34:23,11.213025
2024-10-14 21:35:23,11.08935
2024-10-14 21:36:23,10.980599999999999
2024-10-14 21:37:23,10.888724999999999
2024-10-14 21:38:23,10.8156
2024-10-14 21:39:23,10.904925
2024-10-14 21:40:23,10.99215
2024-10-14 21:41:23,11.083875
2024-10-14 21:42:23,11.1735
2024-10-14 21:43:23,11.253975
2024-10-14 21:44:23,11.320275
2024-10-14 21:45:23,11.368875
2024-10-14 21:46:23,11.39805
2024-10-14 21:47:23,11.412449999999998
2024-10-14 21:48:23,11.41725
2024-10-14 21:49:23,11.41725
2024-10-14 21:50:23,11.41725
2024-10-14 21:51:23,11.348099999999999
2024-10-14 21:52:23,11.28585
2024-10-14 21:53:23,11.28585
2024-10-14 21:54:23,11.28585
2024-10-14 21:55:23,11.28585
2024-10-14 21:56:23,11.354999999999999
2024-10-14 21:57:23,11.41725
2024-10-14 21:58:23,11.41725
2024-10-14 21:59:23,11.2959
2024-10-14 22:00:23,11.1924
2024-10-14 22:01:23,11.105999999999998
2024-10-14 22:02:23,11.039475
2024-10-14 22:03:23,10.99155
2024-10-14 22:04:23,11.080124999999999
2024-10-14 22:05:23,11.164950000000001
2024-10-14 22:06:23,11.241825
2024-10-14 22:07:23,11.304374999999999
2024-10-14 22:08:23,11.348324999999999
2024-10-14 22:09:23,11.377125000000001
2024-10-14 22:10:23,11.391825
2024-10-14 22:11:23,11.397375
2024-10-14 22:12:23,11.397375
2024-10-14 22:13:23,11.397375
2024-10-14 22:14:23,11.397375
2024-10-14 22:15:23,11.397375
2024-10-14 22:16:23,11.397375
2024-10-14 22:17:23,11.241375
2024-10-14 22:18:23,11.10135
2024-10-14 22:19:23,10.980675
2024-10-14 22:20:23,10.879050000000001
2024-10-14 22:21:23,10.79775
2024-10-14 22:22:23,10.890825
2024-10-14 22:23:23,10.986225000000001
2024-10-14 22:24:23,11.076975000000001
2024-10-14 22:25:23,11.161125000000002
2024-10-14 22:26:23,11.231475
2024-10-14 22:27:23,11.287575
2024-10-14 22:28:23,11.325375000000001
2024-10-14 22:29:23,11.348475
2024-10-14 22:30:23,11.359125000000002
2024-10-14 22:31:23,11.36325
2024-10-14 22:32:23,11.36325
2024-10-14 22:33:23,11.36325
2024-10-14 22:34:23,11.36325
2024-10-14 22:35:23,11.36325
2024-10-14 22:36:23,11.36325
2024-10-14 22:37:23,11.224575
2024-10-14 22:38:23,11.1039
2024-10-14 22:39:23,10.999649999999999
2024-10-14 22:40:23,10.911224999999998
2024-10-14 22:41:23,10.84005
2024-10-14 22:42:23,10.923975
2024-10-14 22:43:23,11.00745
2024-10-14 22:44:23,11.090174999999999
2024-10-14 22:45:23,11.169
2024-10-14 22:46:23,11.238375000000001
2024-10-14 22:47:23,11.295224999999999
2024-10-14 22:48:23,11.334525
2024-10-14 22:49:23,11.35815
2024-10-14 22:50:23,11.36985
2024-10-14 22:51:23,11.37375
2024-10-14 22:52:23,11.37375
2024-10-14 22:53:23,11.37375
2024-10-14 22:54:23,11.37375
2024-10-14 22:55:23,11.37375
2024-10-14 22:56:23,11.37375
2024-10-14 22:57:23,11.2242
2024-10-14 22:58:23,11.083575
2024-10-14 22:59:23,10.955324999999998
2024-10-14 23:00:23,10.834799999999998
2024-10-14 23:01:23,10.724625
2024-10-14 23:02:23,10.778175
2024-10-14 23:03:23,10.8405
2024-10-14 23:04:23,10.90335
2024-10-14 23:05:23,10.978125
2024-10-14 23:06:23,11.0607
2024-10-14 23:07:23,11.143425
2024-10-14 23:08:23,11.219249999999999
2024-10-14 23:09:23,11.2884
2024-10-14 23:10:23,11.337900000000001
2024-10-14 23:11:23,11.36925
2024-10-14 23:12:23,11.386275000000001
2024-10-14 23:13:23,11.3925
2024-10-14 23:14:23,11.3925
2024-10-14 23:15:23,11.3925
2024-10-14 23:16:23,11.3925
2024-10-14 23:17:23,11.3925
2024-10-14 23:18:23,11.3925
2024-10-14 23:19:23,11.248050000000001
2024-10-14 23:20:24,11.122875
2024-10-14 23:21:24,11.016524999999998
2024-10-14 23:22:24,10.928325
2024-10-14 23:23:24,10.855574999999998
2024-10-14 23:24:24,10.944225
2024-10-14 23:25:24,11.030249999999999
2024-10-14 23:26:24,11.112825
2024-10-14 23:27:24,11.190825
2024-10-14 23:28:24,11.264925000000002
2024-10-14 23:29:24,11.330025000000001
2024-10-14 23:30:24,11.382675
2024-10-14 23:31:24,11.419950000000002
2024-10-14 23:32:24,11.443650000000002
2024-10-14 23:33:24,11.4558
2024-10-14 23:34:24,11.46
2024-10-14 23:35:24,11.46
2024-10-14 23:36:24,11.46
2024-10-14 23:37:24,11.46
2024-10-14 23:38:24,11.46
2024-10-14 23:39:24,11.46
2024-10-14 23:40:24,11.46
2024-10-14 23:41:24,11.46
2024-10-14 23:42:24,11.311875
2024-10-14 23:43:25,11.179725000000001
2024-10-14 23:44:25,11.066550000000001
2024-10-14 23:45:25,10.969875
2024-10-14 23:46:25,10.89285
2024-10-14 23:47:25,10.9815
2024-10-14 23:48:25,11.0709
2024-10-14 23:49:25,11.157374999999998
2024-10-14 23:50:25,11.240625
2024-10-14 23:51:25,11.31255
2024-10-14 23:52:25,11.3733
2024-10-14 23:53:25,11.417325
2024-10-14 23:54:25,11.4453
2024-10-14 23:55:25,11.459999999999999
2024-10-14 23:56:25,11.466375
2024-10-14 23:57:25,11.466375
2024-10-14 23:58:25,11.466375
2024-10-14 23:59:25,11.466375
2024-10-15 00:00:25,11.466375
2024-10-15 00:01:25,11.466375
2024-10-15 00:02:25,11.315924999999998
2024-10-15 00:03:25,11.18295
2024-10-15 00:04:25,11.068575
2024-10-15 00:05:25,10.97115
2024-10-15 00:06:25,10.89285
2024-10-15 00:07:25,10.981800000000002
2024-10-15 00:08:25,11.073675
2024-10-15 00:09:25,11.160974999999999
2024-10-15 00:10:25,11.2437
2024-10-15 00:11:25,11.315025
2024-10-15 00:12:25,11.36955
2024-10-15 00:13:25,11.403675
2024-10-15 00:14:25,11.423775000000001
2024-10-15 00:15:25,11.4315
2024-10-15 00:16:25,11.4315
2024-10-15 00:17:25,11.4315
2024-10-15 00:18:25,11.4315
2024-10-15 00:19:25,11.4315
2024-10-15 00:20:25,11.4315
2024-10-15 00:21:25,11.274375000000001
2024-10-15 00:22:25,11.137274999999999
2024-10-15 00:23:25,11.0199
2024-10-15 00:24:25,10.9206
2024-10-15 00:25:25,10.835775000000002
2024-10-15 00:26:25,10.926449999999999
2024-10-15 00:27:25,11.013300000000001
2024-10-15 00:28:25,11.096325
2024-10-15 00:29:25,11.174924999999998
2024-10-15 00:30:25,11.249925000000001
2024-10-15 00:31:25,11.31345
2024-10-15 00:32:25,11.360775
2024-10-15 00:33:25,11.392199999999999
2024-10-15 00:34:25,11.409975
2024-10-15 00:35:25,11.416875
2024-10-15 00:36:25,11.416875
2024-10-15 00:37:25,11.416875
2024-10-15 00:38:25,11.416875
2024-10-15 00:39:25,11.416875
2024-10-15 00:40:25,11.416875
2024-10-15 00:41:25,11.416875
2024-10-15 00:42:25,11.259674999999998
2024-10-15 00:43:25,11.113425
2024-10-15 00:44:25,10.981575000000001
2024-10-15 00:45:25,10.8669
2024-10-15 00:46:25,10.75215
2024-10-15 00:47:25,10.810875000000001
2024-10-15 00:48:25,10.8774
2024-10-15 00:49:25,10.949549999999999
2024-10-15 00:50:25,11.025225
2024-10-15 00:51:25,11.120099999999999
2024-10-15 00:52:25,11.213925
2024-10-15 00:53:25,11.29935
2024-10-15 00:54:25,11.370375000000001
2024-10-15 00:55:25,11.4207
2024-10-15 00:56:25,11.4519
2024-10-15 00:57:25,11.467875000000001
2024-10-15 00:58:25,11.4735
2024-10-15 00:59:26,11.4735
2024-10-15 01:00:26,11.4735
2024-10-15 01:01:26,11.4735
2024-10-15 01:02:26,11.4735
2024-10-15 01:03:26,11.4735
2024-10-15 01:04:26,11.315475000000001
2024-10-15 01:05:26,11.1744
2024-10-15 01:06:26,11.051925
2024-10-15 01:07:26,10.946625
2024-10-15 01:08:26,10.859774999999999
2024-10-15 01:09:26,10.946925
2024-10-15 01:10:26,11.034975
2024-10-15 01:11:26,11.121374999999999
2024-10-15 01:12:26,11.20395
2024-10-15 01:13:26,11.277525
2024-10-15 01:14:26,11.341575
2024-10-15 01:15:26,11.39115
2024-10-15 01:16:26,11.423775000000001
2024-10-15 01:17:26,11.44305
2024-10-15 01:18:26,11.452875
2024-10-15 01:19:26,11.45625
2024-10-15 01:20:26,11.45625
2024-10-15 01:21:26,11.45625
2024-10-15 01:22:26,11.45625
2024-10-15 01:23:26,11.45625
2024-10-15 01:24:26,11.45625
2024-10-15 01:25:26,11.45625
2024-10-15 01:26:26,11.45625
2024-10-15 01:27:26,11.299575
2024-10-15 01:28:26,11.16195
2024-10-15 01:29:26,11.04225
2024-10-15 01:30:26,10.941149999999999
2024-10-15 01:31:26,10.856399999999999
2024-10-15 01:32:26,10.945350000000001
2024-10-15 01:33:26,11.0307
2024-10-15 01:34:26,11.115975
2024-10-15 01:35:26,11.194575
2024-10-15 01:36:26,11.26695
2024-10-15 01:37:26,11.328975
2024-10-15 01:38:26,11.37555
2024-10-15 01:39:26,11.404275
2024-10-15 01:40:26,11.421074999999998
2024-10-15 01:41:26,11.42775
2024-10-15 01:42:26,11.42775
2024-10-15 01:43:26,11.42775
2024-10-15 01:44:27,11.42775
2024-10-15 01:45:27,11.42775
2024-10-15 01:46:27,11.42775
2024-10-15 01:47:27,11.28465
2024-10-15 01:48:27,11.157525
2024-10-15 01:49:27,11.051400000000001
2024-10-15 01:50:27,10.965525
2024-10-15 01:51:27,10.8981
2024-10-15 01:52:27,10.9923
2024-10-15 01:53:27,11.08935
2024-10-15 01:54:27,11.178974999999998
2024-10-15 01:55:27,11.260275
2024-10-15 01:56:27,11.330775
2024-10-15 01:57:27,11.38275
2024-10-15 01:58:27,11.4159
2024-10-15 01:59:27,11.435475
2024-10-15 02:00:27,11.443125
2024-10-15 02:01:27,11.443125
2024-10-15 02:02:27,11.443125
2024-10-15 02:03:27,11.443125
2024-10-15 02:04:27,11.443125
2024-10-15 02:05:27,11.443125
2024-10-15 02:06:27,11.282775
2024-10-15 02:07:27,11.142075
2024-10-15 02:08:27,11.01825
2024-10-15 02:09:27,10.914825
2024-10-15 02:10:27,10.829550000000001
2024-10-15 02:11:27,10.922775
2024-10-15 02:12:27,11.013
2024-10-15 02:13:27,11.10255
2024-10-15 02:14:27,11.183175
2024-10-15 02:15:27,11.254275
2024-10-15 02:16:27,11.312774999999998
2024-10-15 02:17:27,11.354625000000002
2024-10-15 02:18:27,11.380275000000001
2024-10-15 02:19:27,11.39445
2024-10-15 02:20:27,11.4
2024-10-15 02:21:27,11.4
2024-10-15 02:22:27,11.4
2024-10-15 02:23:27,11.4
2024-10-15 02:24:27,11.4
2024-10-15 02:25:27,11.4
2024-10-15 02:26:27,11.4
2024-10-15 02:27:27,11.4
2024-10-15 02:28:27,11.240025
2024-10-15 02:29:27,11.092275
2024-10-15 02:30:27,10.9596
2024-10-15 02:31:27,10.827074999999999
2024-10-15 02:32:27,10.70925
2024-10-15 02:33:27,10.76955
2024-10-15 02:34:27,10.8354
2024-10-15 02:35:27,10.904700000000002
2024-10-15 02:36:27,10.991475
2024-10-15 02:37:27,11.08035
2024-10-15 02:38:27,11.164349999999999
2024-10-15 02:39:27,11.240174999999999
2024-10-15 02:40:27,11.303475
2024-10-15 02:41:27,11.34915
2024-10-15 02:42:27,11.378025
2024-10-15 02:43:27,11.393625
2024-10-15 02:44:27,11.399625
2024-10-15 02:45:27,11.399625
2024-10-15 02:46:27,11.399625
2024-10-15 02:47:27,11.399625
2024-10-15 02:48:27,11.399625
2024-10-15 02:49:27,11.399625
2024-10-15 02:50:27,11.25135
2024-10-15 02:51:27,11.1222
2024-10-15 02:52:27,11.010075
2024-10-15 02:53:27,10.916325
2024-10-15 02:54:27,10.83975
2024-10-15 02:55:27,10.927875
2024-10-15 02:56:27,11.014500000000002
2024-10-15 02:57:27,11.100675
2024-10-15 02:58:27,11.180775
2024-10-15 02:59:27,11.253074999999999
2024-10-15 03:00:27,11.315625
2024-10-15 03:01:27,11.36055
2024-10-15 03:02:27,11.3889
2024-10-15 03:03:27,11.40495
2024-10-15 03:04:27,11.411625
2024-10-15 03:05:27,11.411625
2024-10-15 03:06:27,11.411625
2024-10-15 03:07:27,11.411625
2024-10-15 03:08:27,11.411625
2024-10-15 03:09:27,11.411625
2024-10-15 03:10:27,11.271600000000001
2024-10-15 03:11:27,11.1471
2024-10-15 03:12:27,11.0403
2024-10-15 03:13:27,10.951875000000001
2024-10-15 03:14:27,10.8786
2024-10-15 03:15:27,10.95975
2024-10-15 03:16:27,11.042925
2024-10-15 03:17:27,11.121975
2024-10-15 03:18:27,11.193900000000001
2024-10-15 03:19:27,11.2596
2024-10-15 03:20:27,11.317125
2024-10-15 03:21:27,11.357099999999999
2024-10-15 03:22:27,11.3835
2024-10-15 03:23:27,11.39865
2024-10-15 03:24:27,11.404875
2024-10-15 03:25:27,11.404875
2024-10-15 03:26:27,11.404875
2024-10-15 03:27:27,11.404875
2024-10-15 03:28:27,11.404875
2024-10-15 03:29:27,11.404875
2024-10-15 03:30:27,11.257724999999999
2024-10-15 03:31:27,11.117775
2024-10-15 03:32:27,10.98255
2024-10-15 03:33:27,10.85355
2024-10-15 03:34:27,10.730475
2024-10-15 03:35:27,10.763024999999999
2024-10-15 03:36:27,10.80225
2024-10-15 03:37:27,10.851975
2024-10-15 03:38:27,10.9077
2024-10-15 03:39:27,10.974599999999999
2024-10-15 03:40:27,11.05245
2024-10-15 03:41:27,11.130225000000001
2024-10-15 03:42:27,11.20545
2024-10-15 03:43:27,11.277899999999999
2024-10-15 03:44:27,11.338125000000002
2024-10-15 03:45:27,11.378925
2024-10-15 03:46:27,11.405925
2024-10-15 03:47:27,11.42025
2024-10-15 03:48:27,11.425125
2024-10-15 03:49:27,11.425125
2024-10-15 03:50:27,11.425125
2024-10-15 03:51:27,11.425125
2024-10-15 03:52:27,11.425125
2024-10-15 03:53:27,11.425125
2024-10-15 03:54:27,11.281200000000002
2024-10-15 03:55:27,11.15535
2024-10-15 03:56:27,11.045024999999999
2024-10-15 03:57:27,10.952175
2024-10-15 03:58:27,10.874325000000002
2024-10-15 03:59:27,10.956975000000002
2024-10-15 04:00:27,11.03955
2024-10-15 04:01:27,11.122575000000001
2024-10-15 04:02:27,11.202000000000002
2024-10-15 04:03:27,11.276625
2024-10-15 04:04:27,11.340824999999999
2024-10-15 04:05:27,11.387025
2024-10-15 04:06:27,11.41725
2024-10-15 04:07:27,11.433600000000002
2024-10-15 04:08:27,11.43975
2024-10-15 04:09:27,11.43975
2024-10-15 04:10:27,11.43975
2024-10-15 04:11:27,11.43975
2024-10-15 04:12:27,11.43975
2024-10-15 04:13:27,11.43975
2024-10-15 04:14:27,11.29335
2024-10-15 04:15:27,11.164875
2024-10-15 04:16:27,11.055225
2024-10-15 04:17:27,10.96695
2024-10-15 04:18:27,10.89555
2024-10-15 04:19:27,10.988625
2024-10-15 04:20:27,11.079675
2024-10-15 04:21:27,11.165925
2024-10-15 04:22:27,11.2401
2024-10-15 04:23:27,11.304375
2024-10-15 04:24:27,11.350575000000001
2024-10-15 04:25:27,11.380875
2024-10-15 04:26:27,11.39715
2024-10-15 04:27:27,11.404125
2024-10-15 04:28:27,11.404125
2024-10-15 04:29:27,11.404125
2024-10-15 04:30:27,11.404125
2024-10-15 04:31:27,11.404125
2024-10-15 04:32:27,11.404125
2024-10-15 04:33:27,11.2551
2024-10-15 04:34:27,11.12355
2024-10-15 04:35:27,11.008875
2024-10-15 04:36:27,10.907025
2024-10-15 04:37:27,10.817175
2024-10-15 04:38:27,10.883325000000001
2024-10-15 04:39:27,10.9416
2024-10-15 04:40:27,10.990425
2024-10-15 04:41:27,11.03625
2024-10-15 04:42:27,11.081624999999999
2024-10-15 04:43:27,11.137049999999999
2024-10-15 04:44:27,11.1951
2024-10-15 04:45:27,11.257200000000001
2024-10-15 04:46:27,11.31855
2024-10-15 04:47:27,11.3757
2024-10-15 04:48:27,11.415825000000002
2024-10-15 04:49:27,11.443724999999999
2024-10-15 04:50:27,11.460149999999999
2024-10-15 04:51:27,11.4675
2024-10-15 04:52:27,11.4675
2024-10-15 04:53:27,11.4675
2024-10-15 04:54:27,11.4675
2024-10-15 04:55:27,11.4675
2024-10-15 04:56:27,11.4675
2024-10-15 04:57:27,11.320049999999998
2024-10-15 04:58:27,11.19075
2024-10-15 04:59:27,11.0772
2024-10-15 05:00:28,10.980374999999999
2024-10-15 05:01:28,10.90035
2024-10-15 05:02:28,10.984874999999999
2024-10-15 05:03:28,11.06655
2024-10-15 05:04:28,11.14785
2024-10-15 05:05:28,11.225024999999999
2024-10-15 05:06:28,11.293425000000001
2024-10-15 05:07:28,11.344725
2024-10-15 05:08:28,11.380725000000002
2024-10-15 05:09:28,11.401349999999999
2024-10-15 05:10:28,11.409375
2024-10-15 05:11:28,11.409375
2024-10-15 05:12:28,11.409375
2024-10-15 05:13:28,11.409375
2024-10-15 05:14:28,11.409375
2024-10-15 05:15:28,11.409375
2024-10-15 05:16:29,11.258475
2024-10-15 05:17:29,11.125800000000002
2024-10-15 05:18:29,11.011500000000002
2024-10-15 05:19:29,10.9134
2024-10-15 05:20:29,10.8321
2024-10-15 05:21:29,10.918575
2024-10-15 05:22:29,11.004299999999999
2024-10-15 05:23:29,11.08905
2024-10-15 05:24:29,11.1723
2024-10-15 05:25:29,11.250525
2024-10-15 05:26:29,11.31825
2024-10-15 05:27:29,11.368500000000001
2024-10-15 05:28:29,11.401349999999999
2024-10-15 05:29:29,11.4195
2024-10-15 05:30:29,11.425875
2024-10-15 05:31:29,11.425875
2024-10-15 05:32:29,11.425875
2024-10-15 05:33:29,11.425875
2024-10-15 05:34:29,11.425875
2024-10-15 05:35:29,11.425875
2024-10-15 05:36:29,11.2767
2024-10-15 05:37:29,11.14665
2024-10-15 05:38:29,11.032124999999999
2024-10-15 05:39:29,10.937699999999998
2024-10-15 05:40:29,10.86225
2024-10-15 05:41:29,10.954049999999999
2024-10-15 05:42:29,11.040674999999998
2024-10-15 05:43:29,11.124975
2024-10-15 05:44:29,11.19735
2024-10-15 05:45:29,11.2569
2024-10-15 05:46:29,11.304525
2024-10-15 05:47:29,11.34435
2024-10-15 05:48:29,11.377125
2024-10-15 05:49:29,11.407875
2024-10-15 05:50:29,11.432475
2024-10-15 05:51:29,11.450925
2024-10-15 05:52:29,11.463225
2024-10-15 05:53:29,11.469375
2024-10-15 05:54:29,11.469375
2024-10-15 05:55:29,11.469375
2024-10-15 05:56:29,11.469375
2024-10-15 05:57:29,11.469375
2024-10-15 05:58:29,11.469375
2024-10-15 05:59:29,11.324175
2024-10-15 06:00:29,11.195175
2024-10-15 06:01:29,11.083575
2024-10-15 06:02:29,10.988925
2024-10-15 06:03:29,10.911375000000001
2024-10-15 06:04:29,10.994625000000001
2024-10-15 06:05:29,11.077725
2024-10-15 06:06:29,11.156175
2024-10-15 06:07:29,11.2263
2024-10-15 06:08:29,11.2851
2024-10-15 06:09:29,11.328299999999999
2024-10-15 06:10:29,11.35545
2024-10-15 06:11:29,11.36985
2024-10-15 06:12:29,11.375625
2024-10-15 06:13:29,11.375625
2024-10-15 06:14:29,11.375625
2024-10-15 06:15:29,11.375625
2024-10-15 06:16:29,11.375625
2024-10-15 06:17:29,11.375625
2024-10-15 06:18:29,11.231325000000002
2024-10-15 06:19:29,11.1057
2024-10-15 06:20:29,11.00025
2024-10-15 06:21:29,10.9137
2024-10-15 06:22:29,10.847249999999999
2024-10-15 06:23:29,10.944
2024-10-15 06:24:29,11.0412
2024-10-15 06:25:29,11.132624999999999
2024-10-15 06:26:29,11.216024999999998
2024-10-15 06:27:29,11.286225
2024-10-15 06:28:29,11.341575
2024-10-15 06:29:29,11.377799999999999
2024-10-15 06:30:29,11.399625
2024-10-15 06:31:29,11.410575
2024-10-15 06:32:29,11.414625
2024-10-15 06:33:29,11.414625
2024-10-15 06:34:29,11.414625
2024-10-15 06:35:29,11.414625
2024-10-15 06:36:29,11.414625
2024-10-15 06:37:29,11.414625
2024-10-15 06:38:29,11.27415
2024-10-15 06:39:29,11.150324999999999
2024-10-15 06:40:29,11.042174999999999
2024-10-15 06:41:29,10.9512
2024-10-15 06:42:29,10.8762
2024-10-15 06:43:29,10.95705
2024-10-15 06:44:29,11.036775
2024-10-15 06:45:29,11.1183
2024-10-15 06:46:29,11.195025
2024-10-15 06:47:29,11.2671
2024-10-15 06:48:29,11.33175
2024-10-15 06:49:29,11.380875
2024-10-15 06:50:29,11.412525
2024-10-15 06:51:29,11.4318
2024-10-15 06:52:29,11.43975
2024-10-15 06:53:29,11.43975
2024-10-15 06:54:29,11.43975
2024-10-15 06:55:29,11.43975
2024-10-15 06:56:29,11.43975
2024-10-15 06:57:29,11.43975
2024-10-15 06:58:29,11.43975
2024-10-15 06:59:29,11.43975
2024-10-15 07:00:29,11.277674999999999
2024-10-15 07:01:29,11.130825
2024-10-15 07:02:29,11.003325
2024-10-15 07:03:29,10.89165
2024-10-15 07:04:29,10.797375
2024-10-15 07:05:29,10.881675
2024-10-15 07:06:29,10.968375
2024-10-15 07:07:29,11.051925
2024-10-15 07:08:29,11.13495
2024-10-15 07:09:29,11.21145
2024-10-15 07:10:29,11.2815
2024-10-15 07:11:29,11.338725
2024-10-15 07:12:29,11.37975
2024-10-15 07:13:29,11.405475
2024-10-15 07:14:29,11.420325
2024-10-15 07:15:29,11.425125
2024-10-15 07:16:29,11.425125
2024-10-15 07:17:29,11.425125
2024-10-15 07:18:29,11.425125
2024-10-15 07:19:29,11.425125
2024-10-15 07:20:29,11.425125
2024-10-15 07:21:29,11.285325
2024-10-15 07:22:29,11.163149999999998
2024-10-15 07:23:29,11.058525
2024-10-15 07:24:29,10.973025
2024-10-15 07:25:29,10.904025
2024-10-15 07:26:29,10.9935
2024-10-15 07:27:29,11.080275
2024-10-15 07:28:29,11.162025
2024-10-15 07:29:29,11.233275
2024-10-15 07:30:29,11.294775
2024-10-15 07:31:29,11.3376
2024-10-15 07:32:29,11.3655
2024-10-15 07:33:29,11.380875
2024-10-15 07:34:29,11.387625
2024-10-15 07:35:29,11.387625
2024-10-15 07:36:29,11.387625
2024-10-15 07:37:29,11.387625
2024-10-15 07:38:29,11.387625
2024-10-15 07:39:29,11.387625
2024-10-15 07:40:29,11.2416
2024-10-15 07:41:29,11.11305
2024-10-15 07:42:29,11.003775000000001
2024-10-15 07:43:29,10.911674999999999
2024-10-15 07:44:29,10.83435
2024-10-15 07:45:29,10.918050000000001
2024-10-15 07:46:29,11.003325
2024-10-15 07:47:29,11.0856
2024-10-15 07:48:29,11.163225
2024-10-15 07:49:29,11.2362
2024-10-15 07:50:29,11.300775
2024-10-15 07:51:29,11.3463
2024-10-15 07:52:29,11.37555
2024-10-15 07:53:29,11.392275000000001
2024-10-15 07:54:29,11.398875
2024-10-15 07:55:29,11.398875
2024-10-15 07:56:29,11.398875
2024-10-15 07:57:29,11.398875
2024-10-15 07:58:29,11.398875
2024-10-15 07:59:29,11.398875
2024-10-15 08:00:29,11.25465
2024-10-15 08:01:29,11.1294
2024-10-15 08:02:29,11.022375
2024-10-15 08:03:29,10.933499999999999
2024-10-15 08:04:29,10.862325
2024-10-15 08:05:29,10.948649999999999
2024-10-15 08:06:29,11.026050000000001
2024-10-15 08:07:29,11.093174999999999
2024-10-15 08:08:29,11.14995
2024-10-15 08:09:29,11.193375
2024-10-15 08:10:29,11.231325000000002
2024-10-15 08:11:29,11.267025
2024-10-15 08:12:29,11.302575000000001
2024-10-15 08:13:29,11.334825
2024-10-15 08:14:29,11.362725000000001
2024-10-15 08:15:29,11.382825
2024-10-15 08:16:29,11.395125
2024-10-15 08:17:29,11.399625
2024-10-15 08:18:29,11.399625
2024-10-15 08:19:29,11.399625
2024-10-15 08:20:29,11.399625
2024-10-15 08:21:29,11.399625
2024-10-15 08:22:29,11.399625
2024-10-15 08:23:29,11.26215
2024-10-15 08:24:29,11.14425
2024-10-15 08:25:29,11.041799999999999
2024-10-15 08:26:29,10.955475
2024-10-15 08:27:29,10.883849999999999
2024-10-15 08:28:29,10.96575
2024-10-15 08:29:29,11.042625
2024-10-15 08:30:29,11.121224999999999
2024-10-15 08:31:29,11.195699999999999
2024-10-15 08:32:29,11.266575
2024-10-15 08:33:29,11.3271
2024-10-15 08:34:29,11.373075
2024-10-15 08:35:29,11.401875
2024-10-15 08:36:29,11.418674999999999
2024-10-15 08:37:29,11.424375
2024-10-15 08:38:29,11.424375
2024-10-15 08:39:29,11.424375
2024-10-15 08:40:29,11.424375
2024-10-15 08:41:29,11.424375
2024-10-15 08:42:29,11.424375
2024-10-15 08:43:29,11.284424999999999
2024-10-15 08:44:29,11.161875
2024-10-15 08:45:29,11.057775000000001
2024-10-15 08:46:29,10.971824999999999
2024-10-15 08:47:29,10.9038
2024-10-15 08:48:29,10.99515
2024-10-15 08:49:29,11.0865
2024-10-15 08:50:29,11.172900000000002
2024-10-15 08:51:29,11.252025
2024-10-15 08:52:29,11.32035
2024-10-15 08:53:29,11.36925
2024-10-15 08:54:29,11.400749999999999
2024-10-15 08:55:29,11.41875
2024-10-15 08:56:29,11.425875
2024-10-15 08:57:29,11.425875
2024-10-15 08:58:29,11.425875
2024-10-15 08:59:29,11.425875
2024-10-15 09:00:29,11.425875
2024-10-15 09:01:29,11.425875
2024-10-15 09:02:29,11.27475
2024-10-15 09:03:29,11.142824999999998
2024-10-15 09:04:29,11.026125
2024-10-15 09:05:29,10.926225
2024-10-15 09:06:29,10.844325
2024-10-15 09:07:29,10.93185
2024-10-15 09:08:29,11.014425
2024-10-15 09:09:29,11.09985
2024-10-15 09:10:29,11.180175
2024-10-15 09:11:29,11.250825
2024-10-15 09:12:29,11.3076
2024-10-15 09:13:29,11.350125
2024-10-15 09:14:29,11.374575
2024-10-15 09:15:29,11.387325
2024-10-15 09:16:29,11.39175
2024-10-15 09:17:29,11.39175
2024-10-15 09:18:29,11.39175
2024-10-15 09:19:29,11.39175
2024-10-15 09:20:29,11.39175
2024-10-15 09:21:29,11.39175
2024-10-15 09:22:29,11.39175
2024-10-15 09:23:30,11.39175
2024-10-15 09:24:30,11.39175
2024-10-15 09:25:30,11.39175
2024-10-15 09:26:30,11.239875
2024-10-15 09:27:30,11.106075
2024-10-15 09:28:30,10.984350000000001
2024-10-15 09:29:30,10.88295
2024-10-15 09:30:30,10.801275
2024-10-15 09:31:30,10.88955
2024-10-15 09:32:30,10.978425000000001
2024-10-15 09:33:30,11.073000000000002
2024-10-15 09:34:30,11.15925
2024-10-15 09:35:30,11.237625
2024-10-15 09:36:30,11.306700000000001
2024-10-15 09:37:30,11.36115
2024-10-15 09:38:30,11.397825000000001
2024-10-15 09:39:30,11.4225
2024-10-15 09:40:30,11.435325
2024-10-15 09:41:30,11.439375
2024-10-15 09:42:30,11.439375
2024-10-15 09:43:30,11.439375
2024-10-15 09:44:30,11.439375
2024-10-15 09:45:30,11.439375
2024-10-15 09:46:30,11.439375
2024-10-15 09:47:30,11.292150000000001
2024-10-15 09:48:30,11.164200000000001
2024-10-15 09:49:30,11.056049999999999
2024-10-15 09:50:30,10.965225
2024-10-15 09:51:30,10.89195
2024-10-15 09:52:30,10.981950000000001
2024-10-15 09:53:30,11.070975
2024-10-15 09:54:30,11.153099999999998
2024-10-15 09:55:30,11.22915
2024-10-15 09:56:30,11.295599999999999
2024-10-15 09:57:30,11.351849999999999
2024-10-15 09:58:30,11.3898
2024-10-15 09:59:30,11.414850000000001
2024-10-15 10:00:30,11.42865
2024-10-15 10:01:30,11.4345
2024-10-15 10:02:30,11.4345
2024-10-15 10:03:30,11.4345
2024-10-15 10:04:30,11.4345
2024-10-15 10:05:30,11.4345
2024-10-15 10:06:30,11.4345
2024-10-15 10:07:30,11.298675
2024-10-15 10:08:30,11.178825
2024-10-15 10:09:30,11.075925000000002
2024-10-15 10:10:30,10.98975
2024-10-15 10:11:30,10.92045
2024-10-15 10:12:30,11.004375
2024-10-15 10:13:30,11.08845
2024-10-15 10:14:30,11.167875
2024-10-15 10:15:30,11.241225
2024-10-15 10:16:30,11.30475
2024-10-15 10:17:30,11.350875
2024-10-15 10:18:30,11.380875
2024-10-15 10:19:30,11.398575
2024-10-15 10:20:30,11.405625
2024-10-15 10:21:30,11.405625
2024-10-15 10:22:30,11.405625
2024-10-15 10:23:30,11.405625
2024-10-15 10:24:30,11.405625
2024-10-15 10:25:30,11.405625
2024-10-15 10:26:30,11.258625
2024-10-15 10:27:30,11.128575000000001
2024-10-15 10:28:30,11.01525
2024-10-15 10:29:30,10.917075
2024-10-15 10:30:30,10.836675
2024-10-15 10:31:31,10.919775
2024-10-15 10:32:31,11.00235
2024-10-15 10:33:31,11.08335
2024-10-15 10:34:31,11.16165
2024-10-15 10:35:31,11.230725000000001
2024-10-15 10:36:31,11.289224999999998
2024-10-15 10:37:31,11.331299999999999
2024-10-15 10:38:31,11.358225
2024-10-15 10:39:31,11.3727
2024-10-15 10:40:31,11.378625
2024-10-15 10:41:31,11.378625
2024-10-15 10:42:31,11.378625
2024-10-15 10:43:31,11.378625
2024-10-15 10:44:31,11.378625
